Region,Region Code,Year,GDP (current US$),"GDP per capita, PPP (constant 2021 international $)",GDP per capita growth (annual %),"GDP, PPP (constant 2021 international $)",GDP growth (annual %)
Upper middle income,UMC,1991,2.25854E+12,5989.364541,1.473217356,1.27133E+13,3.073291374
Upper middle income,UMC,1992,2.44001E+12,6098.912303,3.042576296,1.31313E+13,4.518453347
Upper middle income,UMC,1993,2.76881E+12,6285.094666,4.493666009,1.37118E+13,5.880825482
Upper middle income,UMC,1994,3.11605E+12,6439.470479,4.184565896,1.42284E+13,5.518071477
Upper middle income,UMC,1995,3.5346E+12,6598.072014,3.137067107,1.47597E+13,4.416984822
Upper middle income,UMC,1996,3.90936E+12,6884.94606,4.921396131,1.55889E+13,6.198562757
Upper middle income,UMC,1997,4.16188E+12,7181.206876,4.826854351,1.64533E+13,6.075056525
Upper middle income,UMC,1998,4.10861E+12,7245.553261,1.798236907,1.67893E+13,2.954241006
Upper middle income,UMC,1999,3.99979E+12,7372.926755,2.115550482,1.72664E+13,3.203248215
Upper middle income,UMC,2000,4.37232E+12,7724.457727,4.891818901,1.82733E+13,5.956787058
Upper middle income,UMC,2001,4.37428E+12,7899.967258,2.422649864,1.88704E+13,3.419857338
Upper middle income,UMC,2002,4.40615E+12,8190.826366,3.840499057,1.97437E+13,4.787569658
Upper middle income,UMC,2003,4.91229E+12,8572.49676,4.954549187,2.08438E+13,5.869696069
Upper middle income,UMC,2004,5.79516E+12,9161.442558,6.930668922,2.24687E+13,7.856579991
Upper middle income,UMC,2005,6.88789E+12,9719.039453,6.58518178,2.40408E+13,7.499816064
Upper middle income,UMC,2006,8.12087E+12,10422.95383,7.725944072,2.59913E+13,8.600667976
Upper middle income,UMC,2007,9.97946E+12,11259.36338,8.584923728,2.82901E+13,9.408707134
Upper middle income,UMC,2008,1.20677E+13,11815.79538,5.419827081,2.99263E+13,6.265373345
Upper middle income,UMC,2009,1.1971E+13,12014.06523,2.633307106,3.06763E+13,3.469426753
Upper middle income,UMC,2010,1.46303E+13,12887.54563,7.672447047,3.31672E+13,8.524987215
Upper middle income,UMC,2011,1.74961E+13,13626.47843,6.061752364,3.53597E+13,6.941376612
Upper middle income,UMC,2012,1.8675E+13,14231.44916,4.80787069,3.72655E+13,5.761103229
Upper middle income,UMC,2013,1.98338E+13,14848.05328,4.670682624,3.92384E+13,5.635448934
Upper middle income,UMC,2014,2.05903E+13,15372.5881,4.005300159,4.09879E+13,4.935373401
Upper middle income,UMC,2015,1.9828E+13,15859.32482,3.641364599,4.26548E+13,4.546013073
Upper middle income,UMC,2016,1.9905E+13,16418.67185,3.724744775,4.45223E+13,4.577742128
Upper middle income,UMC,2017,2.18373E+13,17112.11981,4.509794457,4.67779E+13,5.354743353
Upper middle income,UMC,2018,2.33043E+13,17771.40445,4.122074596,4.89449E+13,4.903968916
Upper middle income,UMC,2019,2.37004E+13,18332.64195,3.392790771,5.08312E+13,4.090175839
Upper middle income,UMC,2020,2.29699E+13,18039.83821,-1.136341829,5.02936E+13,-0.594393798
Upper middle income,UMC,2021,2.7373E+13,19290.94714,7.278995313,5.40038E+13,7.722301874
Upper middle income,UMC,2022,2.85676E+13,19874.74109,3.216554541,5.57139E+13,3.357154093
Upper middle income,UMC,2023,2.94037E+13,20657.98918,4.073804765,5.80611E+13,4.346249275
Middle income,MIC,1991,2.96231E+12,4586.047897,0.92736469,1.77636E+13,2.855455794
Middle income,MIC,1992,3.17679E+12,4662.03322,2.4941496,1.83824E+13,4.336060891
Middle income,MIC,1993,3.51603E+12,4762.558023,3.31419375,1.91041E+13,5.104052666
Middle income,MIC,1994,3.95576E+12,4867.493242,3.433022577,1.98577E+13,5.195174561
Middle income,MIC,1995,4.53208E+12,4991.571491,2.856188494,2.07023E+13,4.565774305
Middle income,MIC,1996,5.04474E+12,5199.157717,4.527967827,2.19145E+13,6.230187176
Middle income,MIC,1997,5.35398E+12,5379.402118,3.962934408,2.30371E+13,5.627010382
Middle income,MIC,1998,5.3264E+12,5446.999209,1.696361476,2.36909E+13,3.284414714
Middle income,MIC,1999,5.12265E+12,5566.433539,2.120285657,2.45757E+13,3.661602263
Middle income,MIC,2000,5.55788E+12,5780.321922,4.034892989,2.58987E+13,5.578586209
Middle income,MIC,2001,5.57227E+12,5902.927231,2.128405395,2.68336E+13,3.617081317
Middle income,MIC,2002,5.67021E+12,6084.561244,3.28513247,2.80458E+13,4.728597773
Middle income,MIC,2003,6.34626E+12,6347.721206,4.472557727,2.96543E+13,5.884688774
Middle income,MIC,2004,7.44467E+12,6739.0925,6.270574752,3.19034E+13,7.690911343
Middle income,MIC,2005,8.78821E+12,7114.836069,5.943566289,3.41231E+13,7.330509158
Middle income,MIC,2006,1.03463E+13,7576.317773,6.904399686,3.67949E+13,8.25324132
Middle income,MIC,2007,1.27031E+13,8106.170233,7.568096126,3.9849E+13,8.881962017
Middle income,MIC,2008,1.50803E+13,8440.102796,4.636195893,4.19995E+13,5.91964385
Middle income,MIC,2009,1.51121E+13,8632.599771,2.709271435,4.34855E+13,3.97185492
Middle income,MIC,2010,1.84103E+13,9190.170682,6.86170012,4.68658E+13,8.181281878
Middle income,MIC,2011,2.17139E+13,9627.819037,5.175328395,4.97135E+13,6.494647786
Middle income,MIC,2012,2.31315E+13,10013.45158,4.313529681,5.23625E+13,5.640534166
Middle income,MIC,2013,2.45467E+13,10421.97583,4.313395199,5.51935E+13,5.643248306
Middle income,MIC,2014,2.56807E+13,10804.48361,3.869284049,5.79363E+13,5.170964721
Middle income,MIC,2015,2.49117E+13,11177.49373,3.570401722,6.06632E+13,4.826225858
Middle income,MIC,2016,2.52026E+13,11590.24321,3.588481598,6.36422E+13,4.805234352
Middle income,MIC,2017,2.75303E+13,12061.04673,4.16823419,6.69951E+13,5.375826617
Middle income,MIC,2018,2.9284E+13,12519.78196,3.857524973,7.03177E+13,5.014148382
Middle income,MIC,2019,2.99785E+13,12879.6057,2.995835076,7.31024E+13,4.083175498
Middle income,MIC,2020,2.90517E+13,12522.61935,-2.177042693,7.17769E+13,-1.212720962
Middle income,MIC,2021,3.42661E+13,13311.33136,6.562275926,7.69734E+13,7.506216158
Middle income,MIC,2022,3.59079E+13,13750.29384,3.118100075,8.00766E+13,3.85059249
Middle income,MIC,2023,3.67869E+13,14272.97778,3.710971426,8.37846E+13,4.539564994
Low income,LIC,1991,1.50994E+11,1664.919548,-1.275985859,4.92989E+11,1.23481383
Low income,LIC,1992,1.03353E+11,1603.96818,-2.876366778,4.89206E+11,0.040932362
Low income,LIC,1993,1.10352E+11,1568.592692,-2.015195474,4.93595E+11,1.09332973
Low income,LIC,1994,1.0321E+11,1531.957386,-1.293554474,4.96121E+11,1.584285424
Low income,LIC,1995,95755547189,1564.896549,2.13415637,5.21394E+11,5.077581613
Low income,LIC,1996,92529748882,1614.446622,2.72712791,5.53805E+11,5.764135391
Low income,LIC,1997,98821120248,1672.922828,3.267437751,5.90133E+11,6.194924509
Low income,LIC,1998,99814560376,1688.786168,1.270813489,6.12115E+11,4.056316964
Low income,LIC,1999,1.00732E+11,1680.018202,-0.116049725,6.25941E+11,2.673228778
Low income,LIC,2000,1.23909E+11,1678.630642,0.501614882,6.42233E+11,3.202703596
Low income,LIC,2001,1.16418E+11,1700.735136,1.583097358,6.6826E+11,4.326050752
Low income,LIC,2002,1.28028E+11,1739.119418,1.770198016,7.03947E+11,4.838812056
Low income,LIC,2003,1.42979E+11,1779.798248,1.743348301,7.42555E+11,4.870497655
Low income,LIC,2004,1.67197E+11,1842.31117,3.137470842,7.91004E+11,6.13893208
Low income,LIC,2005,1.99723E+11,1914.097619,3.557201159,8.45814E+11,6.579886995
Low income,LIC,2006,2.32209E+11,1978.731141,2.79753883,9.00942E+11,5.92097
Low income,LIC,2007,2.82894E+11,2053.658719,3.017694488,9.63188E+11,6.116903221
Low income,LIC,2008,3.4046E+11,2114.517197,2.561565427,1.02055E+12,5.542126313
Low income,LIC,2009,3.38898E+11,2148.73217,1.22487565,1.06708E+12,4.154478075
Low income,LIC,2010,3.72941E+11,2237.188373,3.990873333,1.14297E+12,6.982844241
Low income,LIC,2011,4.04515E+11,2256.177083,-2.015862339,1.18564E+12,0.785974727
Low income,LIC,2012,3.81702E+11,2151.757583,-5.814173569,1.16195E+12,-3.21602082
Low income,LIC,2013,3.94195E+11,2140.356046,0.711185615,1.18541E+12,3.291082558
Low income,LIC,2014,4.22084E+11,2192.842081,1.840975244,1.24488E+12,4.390795715
Low income,LIC,2015,4.16121E+11,2230.686448,-3.041183898,1.29865E+12,-0.569703594
Low income,LIC,2016,3.83742E+11,2259.204602,-0.624453164,1.35029E+12,2.023147228
Low income,LIC,2017,4.01921E+11,2289.57999,0.309217782,1.40568E+12,3.038697218
Low income,LIC,2018,4.18228E+11,2312.684311,0.642655033,1.45899E+12,3.416135893
Low income,LIC,2019,4.45278E+11,2348.339373,1.35933318,1.5235E+12,4.233606104
Low income,LIC,2020,4.39782E+11,2301.133942,-2.408200445,1.53498E+12,0.344386863
Low income,LIC,2021,4.66421E+11,2277.383016,-0.640649327,1.56058E+12,2.069746686
Low income,LIC,2022,5.30579E+11,2299.516637,1.013102913,1.61823E+12,3.736941965
Low income,LIC,2023,6.46798E+11,2313.907214,0.262179842,1.67292E+12,3.005654742
Lower middle income,LMC,1991,7.0224E+11,2879.607317,-0.215029236,5.04147E+12,2.097692229
Lower middle income,LMC,1992,7.35562E+11,2928.457821,1.424262725,5.2418E+12,3.695527179
Lower middle income,LMC,1993,7.47222E+11,2942.184586,0.132047712,5.38326E+12,2.354499693
Lower middle income,LMC,1994,8.39698E+11,3004.995489,1.764959902,5.61963E+12,4.012834655
Lower middle income,LMC,1995,9.97448E+11,3104.811633,2.894565948,5.9317E+12,5.11675965
Lower middle income,LMC,1996,1.13533E+12,3236.487402,4.149378317,6.31373E+12,6.346908291
Lower middle income,LMC,1997,1.19206E+12,3300.263001,1.860595353,6.57182E+12,3.975644205
Lower middle income,LMC,1998,1.21773E+12,3389.73415,2.424944146,6.88848E+12,4.526386286
Lower middle income,LMC,1999,1.12283E+12,3518.756083,3.277963898,7.29481E+12,5.359801121
Lower middle income,LMC,2000,1.18553E+12,3598.633126,2.149681734,7.61059E+12,4.206035507
Lower middle income,LMC,2001,1.19796E+12,3684.23014,2.299808404,7.94737E+12,4.344863668
Lower middle income,LMC,2002,1.264E+12,3768.19818,2.528798753,8.28581E+12,4.512912905
Lower middle income,LMC,2003,1.43389E+12,3925.148359,3.987236166,8.79297E+12,5.939667475
Lower middle income,LMC,2004,1.64944E+12,4127.087877,5.14146823,9.41614E+12,7.083800672
Lower middle income,LMC,2005,1.90026E+12,4332.696282,4.825087066,1.00626E+13,6.705588215
Lower middle income,LMC,2006,2.22537E+12,4563.317037,5.131280406,1.07827E+13,6.961325847
Lower middle income,LMC,2007,2.72353E+12,4800.556782,5.096279363,1.15372E+13,6.893225713
Lower middle income,LMC,2008,3.01263E+12,4931.958155,2.865366196,1.2051E+13,4.583618133
Lower middle income,LMC,2009,3.14114E+12,5146.70384,4.216322688,1.27843E+13,5.945314194
Lower middle income,LMC,2010,3.78003E+12,5412.766244,5.086548598,1.36725E+13,6.862810353
Lower middle income,LMC,2011,4.21783E+12,5577.779715,3.015964018,1.43271E+13,4.754317781
Lower middle income,LMC,2012,4.45653E+12,5772.058147,3.465764965,1.5069E+13,5.161024514
Lower middle income,LMC,2013,4.71291E+12,6002.287297,3.98052648,1.59254E+13,5.674443827
Lower middle income,LMC,2014,5.0904E+12,6274.597195,4.430423991,1.6916E+13,6.112484282
Lower middle income,LMC,2015,5.0837E+12,6564.98819,4.318317591,1.79729E+13,5.933648596
Lower middle income,LMC,2016,5.29756E+12,6865.420806,4.109388563,1.90812E+13,5.692524361
Lower middle income,LMC,2017,5.69307E+12,7151.939198,3.897155941,2.0176E+13,5.457190539
Lower middle income,LMC,2018,5.97974E+12,7451.337928,3.916412171,2.13286E+13,5.438936722
Lower middle income,LMC,2019,6.27811E+12,7655.567709,2.596873947,2.22249E+13,4.056323163
Lower middle income,LMC,2020,6.08179E+12,7283.027993,-4.919979211,2.14402E+13,-3.585309431
Lower middle income,LMC,2021,6.89434E+12,7684.54349,5.248015742,2.29239E+13,6.651350609
Lower middle income,LMC,2022,7.3411E+12,8049.415772,4.516768629,2.43123E+13,5.822306681
Lower middle income,LMC,2023,7.38475E+12,8390.090364,3.942992539,2.567E+13,5.291647256
High income,HIC,1991,2.06598E+13,35004.09751,0.165817177,4.1757E+13,0.902865522
High income,HIC,1992,2.21192E+13,34877.57361,0.777007353,4.19079E+13,1.508097334
High income,HIC,1993,2.22721E+13,34786.65964,0.386922999,4.20771E+13,1.05553692
High income,HIC,1994,2.38187E+13,35288.99262,2.253555489,4.29473E+13,2.882690664
High income,HIC,1995,2.643E+13,35959.76887,2.11574065,4.40184E+13,2.710135805
High income,HIC,1996,2.66437E+13,36694.45736,2.312136686,4.51742E+13,2.896408441
High income,HIC,1997,2.62082E+13,37699.16621,2.907285886,4.66683E+13,3.477611926
High income,HIC,1998,2.61741E+13,38371.17865,2.185837914,4.77548E+13,2.733436523
High income,HIC,1999,2.74039E+13,39508.03278,3.000495508,4.94199E+13,3.52472843
High income,HIC,2000,2.80367E+13,41093.58535,3.757699559,5.16516E+13,4.259076223
High income,HIC,2001,2.78111E+13,41623.57416,1.104504154,5.25654E+13,1.583035981
High income,HIC,2002,2.90228E+13,42162.70838,1.142489162,5.34979E+13,1.620540177
High income,HIC,2003,3.2575E+13,43042.55297,1.814709143,5.48774E+13,2.305221781
High income,HIC,2004,3.63876E+13,44446.49614,2.995030742,5.69526E+13,3.513388852
High income,HIC,2005,3.86239E+13,45614.41822,2.430647129,5.87595E+13,2.974538737
High income,HIC,2006,4.09861E+13,46971.044,2.583008238,6.0883E+13,3.22028729
High income,HIC,2007,4.50986E+13,48185.1271,2.148910415,6.28894E+13,2.856672473
High income,HIC,2008,4.83382E+13,48354.15669,-0.051771337,6.35694E+13,0.675885063
High income,HIC,2009,4.49403E+13,46297.63944,-4.010345404,6.12664E+13,-3.378528337
High income,HIC,2010,4.73403E+13,47498.99666,2.47475827,6.3208E+13,3.048340175
High income,HIC,2011,5.1525E+13,48408.45094,1.62569654,6.46669E+13,2.017851706
High income,HIC,2012,5.171E+13,48897.60719,0.952594834,6.56569E+13,1.472888106
High income,HIC,2013,5.24399E+13,49384.8444,1.058963589,6.66648E+13,1.597957074
High income,HIC,2014,5.33102E+13,50146.54131,1.595608566,6.8057E+13,2.141768165
High income,HIC,2015,4.97731E+13,50942.63852,1.79147324,6.95001E+13,2.325526275
High income,HIC,2016,5.07372E+13,51581.65089,1.295919498,7.07451E+13,1.833040909
High income,HIC,2017,5.33368E+13,52624.64975,1.999398566,7.2513E+13,2.47631841
High income,HIC,2018,5.66846E+13,53669.93465,1.924243213,7.42768E+13,2.369994444
High income,HIC,2019,5.72183E+13,54470.93737,1.463359302,7.56695E+13,1.845827065
High income,HIC,2020,5.57911E+13,52122.81591,-4.244070252,7.26566E+13,-3.914669261
High income,HIC,2021,6.2461E+13,55103.06245,5.65914411,7.67566E+13,5.584368156
High income,HIC,2022,6.44444E+13,56396.17019,2.422770192,7.87257E+13,2.641586105
High income,HIC,2023,6.76537E+13,57034.44074,1.131157376,8.00205E+13,1.644160342
World,WLD,1991,2.38236E+13,11184.8019,-0.421081561,6.02038E+13,1.255826392
World,WLD,1992,2.5468E+13,11145.9102,0.384965091,6.09712E+13,2.019256604
World,WLD,1993,2.59594E+13,11133.56362,0.228803676,6.18662E+13,1.812976008
World,WLD,1994,2.79389E+13,11254.17658,1.759573759,6.34978E+13,3.323942443
World,WLD,1995,3.11406E+13,11427.05477,1.560140429,6.5441E+13,3.08461458
World,WLD,1996,3.18577E+13,11673.70953,2.062580138,6.7844E+13,3.574686427
World,WLD,1997,3.17523E+13,11957.05288,2.440617451,7.05009E+13,3.929713861
World,WLD,1998,3.1697E+13,12084.98077,1.414687507,7.22664E+13,2.853925344
World,WLD,1999,3.2731E+13,12344.77212,2.139467872,7.48391E+13,3.549717353
World,WLD,2000,3.38394E+13,12763.21344,3.135587974,7.84229E+13,4.531094789
World,WLD,2001,3.3627E+13,12896.5374,0.681080138,8.03001E+13,2.025402869
World,WLD,2002,3.49177E+13,13075.22615,0.976310173,8.24822E+13,2.302836989
World,WLD,2003,3.91521E+13,13383.18893,1.792262388,8.55131E+13,3.104275673
World,WLD,2004,4.41162E+13,13891.68048,3.154465491,8.98935E+13,4.469258855
World,WLD,2005,4.77603E+13,14342.01015,2.708275359,9.39801E+13,4.00586591
World,WLD,2006,5.17498E+13,14896.103,3.146137743,9.88381E+13,4.442792696
World,WLD,2007,5.83149E+13,15476.87247,3.092673797,1.03967E+14,4.37327669
World,WLD,2008,6.40723E+13,15710.44932,0.804417009,1.06853E+14,2.062495933
World,WLD,2009,6.07183E+13,15403.94744,-2.561855637,1.06066E+14,-1.355782091
World,WLD,2010,6.65142E+13,15992.79156,3.265482918,1.11468E+14,4.529545973
World,WLD,2011,7.39578E+13,16419.57092,2.095319645,1.15823E+14,3.327132697
World,WLD,2012,7.5604E+13,16726.66603,1.451508744,1.19452E+14,2.709115158
World,WLD,2013,7.77514E+13,17058.1756,1.615675422,1.23321E+14,2.868222143
World,WLD,2014,7.98944E+13,17427.0343,1.885841446,1.27519E+14,3.12386991
World,WLD,2015,7.53597E+13,17793.4351,1.915147257,1.31747E+14,3.126135588
World,WLD,2016,7.6588E+13,18158.77234,1.630446387,1.36027E+14,2.820557285
World,WLD,2017,8.1551E+13,18636.36021,2.283866696,1.4121E+14,3.460239118
World,WLD,2018,8.66869E+13,19103.6621,2.153227353,1.46357E+14,3.286612988
World,WLD,2019,8.79456E+13,19450.63231,1.561181076,1.50601E+14,2.642216435
World,WLD,2020,8.55777E+13,18699.44371,-3.906872233,1.46253E+14,-2.932043344
World,WLD,2021,9.7527E+13,19724.12921,5.34807892,1.55603E+14,6.259851284
World,WLD,2022,1.01225E+14,20214.79448,2.277610885,1.6074E+14,3.089607464
World,WLD,2023,1.05435E+14,20661.20168,1.7797987,1.65806E+14,2.719333366
Sub-Saharan Africa,SSF,1991,4.01834E+11,3302.437883,-2.313986897,1.75266E+12,0.349682156
Sub-Saharan Africa,SSF,1992,3.63195E+11,3200.99907,-2.992365119,1.74422E+12,-0.399974821
Sub-Saharan Africa,SSF,1993,3.69296E+11,3088.159006,-3.46427715,1.72756E+12,-0.892892704
Sub-Saharan Africa,SSF,1994,3.77661E+11,3037.444045,-1.601585219,1.74378E+12,0.980602759
Sub-Saharan Africa,SSF,1995,4.80489E+11,3065.1173,0.648126785,1.80636E+12,3.318887957
Sub-Saharan Africa,SSF,1996,5.35646E+11,3140.603632,2.376082715,1.90065E+12,5.130876872
Sub-Saharan Africa,SSF,1997,5.64679E+11,3190.340555,1.421244313,1.98141E+12,4.082400465
Sub-Saharan Africa,SSF,1998,5.65932E+11,3191.845779,-0.092920874,2.03384E+12,2.502329777
Sub-Saharan Africa,SSF,1999,4.04071E+11,3182.672255,-0.403279281,2.0811E+12,2.20461393
Sub-Saharan Africa,SSF,2000,4.28346E+11,3206.359508,0.806546953,2.15215E+12,3.478123727
Sub-Saharan Africa,SSF,2001,4.09773E+11,3255.916878,1.484571283,2.24385E+12,4.198461361
Sub-Saharan Africa,SSF,2002,4.4611E+11,3360.942859,3.546807284,2.37852E+12,6.331164751
Sub-Saharan Africa,SSF,2003,5.61821E+11,3405.124665,1.316788469,2.4748E+12,4.050089793
Sub-Saharan Africa,SSF,2004,6.97688E+11,3533.845978,3.780167724,2.63818E+12,6.60196092
Sub-Saharan Africa,SSF,2005,8.27932E+11,3649.811044,3.194598103,2.79933E+12,6.018879164
Sub-Saharan Africa,SSF,2006,9.76584E+11,3769.978902,3.21222317,2.97116E+12,6.055864144
Sub-Saharan Africa,SSF,2007,1.13054E+12,3895.012403,3.290783806,3.15504E+12,6.16224217
Sub-Saharan Africa,SSF,2008,1.28144E+12,3989.477662,2.331371842,3.32181E+12,5.189440688
Sub-Saharan Africa,SSF,2009,1.22404E+12,4000.372736,0.378447711,3.42386E+12,3.180480862
Sub-Saharan Africa,SSF,2010,1.44811E+12,4124.708314,3.114754323,3.62891E+12,5.995572687
Sub-Saharan Africa,SSF,2011,1.62767E+12,4196.065803,1.587235313,3.79443E+12,4.414404934
Sub-Saharan Africa,SSF,2012,1.69048E+12,4245.122035,0.475317334,3.94511E+12,3.25824844
Sub-Saharan Africa,SSF,2013,1.79751E+12,4337.720234,2.255151079,4.14294E+12,5.090440548
Sub-Saharan Africa,SSF,2014,1.87428E+12,4431.288508,2.048948429,4.34934E+12,4.87076022
Sub-Saharan Africa,SSF,2015,1.66866E+12,4446.16758,0.145878199,4.48484E+12,2.920373883
Sub-Saharan Africa,SSF,2016,1.52201E+12,4400.030615,-1.4407846,4.55912E+12,1.242037176
Sub-Saharan Africa,SSF,2017,1.62586E+12,4403.662218,-0.186884336,4.68499E+12,2.484283288
Sub-Saharan Africa,SSF,2018,1.78091E+12,4414.635561,0.07240818,4.82257E+12,2.754967058
Sub-Saharan Africa,SSF,2019,1.83046E+12,4421.650751,-0.008017072,4.9591E+12,2.65974505
Sub-Saharan Africa,SSF,2020,1.71622E+12,4230.490072,-4.500358601,4.87057E+12,-1.966894827
Sub-Saharan Africa,SSF,2021,1.93277E+12,4301.588978,1.629019448,5.08088E+12,4.264936892
Sub-Saharan Africa,SSF,2022,2.0611E+12,4352.611623,1.090681097,5.27184E+12,3.660562423
Sub-Saharan Africa,SSF,2023,2.03275E+12,4374.320769,0.409373989,5.43246E+12,2.955095532
Arab World,ARB,1991,4.66374E+11,10780.12924,-0.743290838,2.48845E+12,1.415504205
Arab World,ARB,1992,4.66063E+11,11148.98303,3.700718846,2.63783E+12,6.288895025
Arab World,ARB,1993,4.7719E+11,11135.89616,-0.106002858,2.70596E+12,2.594411823
Arab World,ARB,1994,4.98084E+11,11152.82479,0.440146585,2.7837E+12,3.169018659
Arab World,ARB,1995,5.26561E+11,11178.04899,0.224434653,2.85938E+12,2.716894937
Arab World,ARB,1996,5.68785E+11,11437.78519,2.13505001,2.99617E+12,4.590736951
Arab World,ARB,1997,6.12395E+11,11719.98058,2.515322669,3.14282E+12,4.943703769
Arab World,ARB,1998,5.96742E+11,12087.54147,2.471837919,3.31654E+12,4.847722165
Arab World,ARB,1999,6.63176E+11,12102.59599,-0.418281513,3.3966E+12,1.858835975
Arab World,ARB,2000,7.6066E+11,12600.09779,4.215796084,3.61706E+12,6.598100731
Arab World,ARB,2001,7.41975E+11,12561.10891,-0.554578732,3.68684E+12,1.67856914
Arab World,ARB,2002,7.43726E+11,12372.05083,-1.516498389,3.71185E+12,0.66659276
Arab World,ARB,2003,8.26976E+11,12567.10023,2.628895126,3.85273E+12,4.8710045
Arab World,ARB,2004,9.83701E+11,13381.81054,6.552389702,4.19185E+12,8.872880802
Arab World,ARB,2005,1.2056E+12,13760.56999,3.061790555,4.41107E+12,5.466559184
Arab World,ARB,2006,1.43411E+12,14214.85311,3.535304225,4.67247E+12,6.165782658
Arab World,ARB,2007,1.66843E+12,14481.21579,1.771866162,4.88738E+12,4.494993727
Arab World,ARB,2008,2.10917E+12,14906.14985,2.769946748,5.16693E+12,5.550755074
Arab World,ARB,2009,1.82278E+12,14670.88716,-2.166110863,5.21924E+12,0.409202169
Arab World,ARB,2010,2.15425E+12,15009.14663,2.320163352,5.46975E+12,4.81457027
Arab World,ARB,2011,2.55986E+12,15277.92236,1.36890914,5.68875E+12,3.572876912
Arab World,ARB,2012,2.79378E+12,15576.34943,2.786278402,5.92498E+12,5.003580087
Arab World,ARB,2013,2.85787E+12,15582.3929,0.215234153,6.0636E+12,2.520007657
Arab World,ARB,2014,2.90508E+12,15621.79382,0.12172962,6.21627E+12,2.383705442
Arab World,ARB,2015,2.54414E+12,15910.03325,1.205601629,6.46746E+12,3.387560307
Arab World,ARB,2016,2.49997E+12,16195.88161,1.468762972,6.72255E+12,3.609446551
Arab World,ARB,2017,2.57105E+12,16152.60908,-0.54615639,6.84329E+12,1.511283907
Arab World,ARB,2018,2.86554E+12,16278.61212,0.516143649,7.04124E+12,2.623157037
Arab World,ARB,2019,2.89867E+12,16297.67723,-0.383662261,7.1949E+12,1.671110889
Arab World,ARB,2020,2.57655E+12,15320.10979,-7.0352064,6.88223E+12,-5.400979217
Arab World,ARB,2021,2.96912E+12,15776.98485,3.43750954,7.20252E+12,5.116647029
Arab World,ARB,2022,3.61368E+12,16398.33292,3.934409876,7.62006E+12,5.793108985
Arab World,ARB,2023,3.49152E+12,16288.0543,-0.901503198,7.70868E+12,0.92979198
Africa Eastern and Southern,AFE,1991,2.73543E+11,3322.200097,-2.806743446,1.05827E+12,-0.092708883
Africa Eastern and Southern,AFE,1992,2.39433E+11,3163.323087,-4.860773572,1.0342E+12,-2.355108644
Africa Eastern and Southern,AFE,1993,2.40271E+11,3055.997216,-3.165940155,1.02567E+12,-0.591581108
Africa Eastern and Southern,AFE,1994,2.43565E+11,3026.94471,-0.702531255,1.04254E+12,1.899017289
Africa Eastern and Southern,AFE,1995,2.73433E+11,3082.01626,1.613692648,1.08939E+12,4.283193111
Africa Eastern and Southern,AFE,1996,2.72519E+11,3168.042433,2.689249879,1.14995E+12,5.454771734
Africa Eastern and Southern,AFE,1997,2.88405E+11,3213.19808,1.226738849,1.19644E+12,3.838777545
Africa Eastern and Southern,AFE,1998,2.68834E+11,3194.238709,-0.737728062,1.21929E+12,1.758374564
Africa Eastern and Southern,AFE,1999,2.65429E+11,3199.608659,0.093893225,1.2526E+12,2.655959056
Africa Eastern and Southern,AFE,2000,2.87202E+11,3220.259146,0.620200384,1.29326E+12,3.219802994
Africa Eastern and Southern,AFE,2001,2.60992E+11,3253.78015,0.896955348,1.34056E+12,3.510146739
Africa Eastern and Southern,AFE,2002,2.67815E+11,3295.025254,1.203673409,1.39294E+12,3.841646362
Africa Eastern and Southern,AFE,2003,3.55716E+11,3311.325909,0.336823624,1.43648E+12,2.963405156
Africa Eastern and Southern,AFE,2004,4.42696E+11,3412.047479,2.837348135,1.51932E+12,5.557363528
Africa Eastern and Southern,AFE,2005,5.16661E+11,3535.563277,3.407735803,1.6163E+12,6.164835859
Africa Eastern and Southern,AFE,2006,5.80241E+11,3675.221934,3.773104142,1.72555E+12,6.5775942
Africa Eastern and Southern,AFE,2007,6.65599E+11,3822.579518,3.79522566,1.84404E+12,6.646593491
Africa Eastern and Southern,AFE,2008,7.13502E+11,3892.152786,1.56207741,1.92953E+12,4.371097572
Africa Eastern and Southern,AFE,2009,7.15485E+11,3824.013482,-1.825118327,1.94799E+12,0.880331358
Africa Eastern and Southern,AFE,2010,8.4941E+11,3921.778029,2.409399304,2.05289E+12,5.233777972
Africa Eastern and Southern,AFE,2011,9.45439E+11,3983.110618,1.295365426,2.14209E+12,4.069019771
Africa Eastern and Southern,AFE,2012,9.52676E+11,3990.0803,-0.957943111,2.20464E+12,1.756210204
Africa Eastern and Southern,AFE,2013,9.63347E+11,4048.089185,1.430370993,2.29888E+12,4.250345099
Africa Eastern and Southern,AFE,2014,9.7969E+11,4108.190054,1.175569552,2.39775E+12,3.983181784
Africa Eastern and Southern,AFE,2015,8.99296E+11,4129.05512,0.203288817,2.47747E+12,3.011571982
Africa Eastern and Southern,AFE,2016,8.2983E+11,4125.361392,-0.530115362,2.54278E+12,2.183580781
Africa Eastern and Southern,AFE,2017,9.40105E+11,4135.767937,-0.004161346,2.61689E+12,2.651399742
Africa Eastern and Southern,AFE,2018,1.01272E+12,4142.950313,-0.006479141,2.69191E+12,2.681718104
Africa Eastern and Southern,AFE,2019,1.00653E+12,4130.057222,-0.488722907,2.75575E+12,2.189259284
Africa Eastern and Southern,AFE,2020,9.29074E+11,3919.49923,-5.316185065,2.6853E+12,-2.780378552
Africa Eastern and Southern,AFE,2021,1.08677E+12,3994.171654,1.841881743,2.80781E+12,4.497379983
Africa Eastern and Southern,AFE,2022,1.18396E+12,4038.638689,0.985594676,2.91129E+12,3.554422329
Africa Eastern and Southern,AFE,2023,1.23616E+12,4047.007031,0.088483654,2.99118E+12,2.622310407
Africa Western and Central,AFW,1991,1.29942E+11,3281.244716,-1.57754059,6.96191E+11,1.009364624
Africa Western and Central,AFW,1992,1.24599E+11,3264.422787,-0.240199874,7.11534E+11,2.483662615
Africa Western and Central,AFW,1993,1.29733E+11,3143.151891,-3.885184389,7.03402E+11,-1.317609109
Africa Western and Central,AFW,1994,1.34777E+11,3060.305972,-2.878371832,7.02878E+11,-0.323480855
Africa Western and Central,AFW,1995,2.07177E+11,3047.568792,-0.753820422,7.18804E+11,1.9191127
Africa Western and Central,AFW,1996,2.62601E+11,3107.677404,1.910952509,7.5268E+11,4.64980876
Africa Western and Central,AFW,1997,2.75742E+11,3164.298519,1.711963066,7.87002E+11,4.447027153
Africa Western and Central,AFW,1998,2.96152E+11,3195.928237,0.863857433,8.16505E+11,3.609311837
Africa Western and Central,AFW,1999,1.39468E+11,3165.31628,-1.130667992,8.3057E+11,1.545024146
Africa Western and Central,AFW,2000,1.4214E+11,3193.502118,1.080452427,8.61006E+11,3.859760263
Africa Western and Central,AFW,2001,1.49452E+11,3266.631477,2.343821744,9.0538E+11,5.209094155
Africa Western and Central,AFW,2002,1.78692E+11,3465.036966,6.92138305,9.8737E+11,9.927427149
Africa Western and Central,AFW,2003,2.06982E+11,3549.73396,2.642072459,1.03999E+12,5.532966565
Africa Western and Central,AFW,2004,2.56101E+11,3719.207853,5.022001904,1.12047E+12,7.992698604
Africa Western and Central,AFW,2005,3.12409E+11,3824.095862,2.905186332,1.1848E+12,5.828940032
Africa Western and Central,AFW,2006,3.97089E+11,3915.981207,2.471956724,1.24764E+12,5.374761558
Africa Western and Central,AFW,2007,4.65684E+11,4008.773182,2.620199463,1.31333E+12,5.522718727
Africa Western and Central,AFW,2008,5.67938E+11,4139.436849,3.35354601,1.39455E+12,6.281465308
Africa Western and Central,AFW,2009,5.08553E+11,4264.667446,3.342989335,1.4776E+12,6.282102398
Africa Western and Central,AFW,2010,5.98698E+11,4427.472707,4.009921042,1.57768E+12,6.970600619
Africa Western and Central,AFW,2011,6.82233E+11,4513.117059,1.945052094,1.65401E+12,4.849289011
Africa Western and Central,AFW,2012,7.378E+11,4622.827813,2.259037914,1.74187E+12,5.135432218
Africa Western and Central,AFW,2013,8.34161E+11,4765.675813,3.254876848,1.84529E+12,6.106610282
Africa Western and Central,AFW,2014,8.94585E+11,4907.922414,3.089858567,1.95264E+12,5.92558282
Africa Western and Central,AFW,2015,7.69367E+11,4914.572318,0.088258121,2.00854E+12,2.813979007
Africa Western and Central,AFW,2016,6.92181E+11,4807.016637,-2.503644551,2.01788E+12,0.141488618
Africa Western and Central,AFW,2017,6.8575E+11,4800.643789,-0.410203507,2.06974E+12,2.28496137
Africa Western and Central,AFW,2018,7.6819E+11,4817.203494,0.168898043,2.13232E+12,2.842645003
Africa Western and Central,AFW,2019,8.23934E+11,4853.281083,0.572954919,2.20488E+12,3.222028518
Africa Western and Central,AFW,2020,7.87147E+11,4690.062986,-3.527789055,2.18646E+12,-1.004417394
Africa Western and Central,AFW,2021,8.45993E+11,4756.308419,1.385814752,2.2744E+12,3.994854397
Africa Western and Central,AFW,2022,8.77141E+11,4816.956916,1.213856709,2.3619E+12,3.784485678
Africa Western and Central,AFW,2023,7.96586E+11,4857.987533,0.782040907,2.44255E+12,3.342775594
Central Europe and the Baltics,CEB,1991,2.4977E+11,15588.32949,-10.644569,1.72203E+12,-10.86537815
Central Europe and the Baltics,CEB,1992,2.56444E+11,14851.17738,-4.689297904,1.63528E+12,-4.998183892
Central Europe and the Baltics,CEB,1993,2.69827E+11,14896.70832,0.262662628,1.63926E+12,0.199351659
Central Europe and the Baltics,CEB,1994,3.08021E+11,15442.38278,3.70447057,1.699E+12,3.6853114
Central Europe and the Baltics,CEB,1995,3.93418E+11,16315.95501,5.643195596,1.79254E+12,5.492109387
Central Europe and the Baltics,CEB,1996,4.16195E+11,17092.74087,4.773939924,1.87381E+12,4.546917513
Central Europe and the Baltics,CEB,1997,4.10169E+11,17407.13184,2.504568606,1.90472E+12,2.313651777
Central Europe and the Baltics,CEB,1998,4.48895E+11,17872.38035,2.852746744,1.95235E+12,2.680100746
Central Europe and the Baltics,CEB,1999,4.35066E+11,18203.03758,2.072669188,1.98524E+12,1.906916315
Central Europe and the Baltics,CEB,2000,4.28598E+11,19024.60576,4.544594996,2.06318E+12,3.956858383
Central Europe and the Baltics,CEB,2001,4.68614E+11,19766.06585,3.834921872,2.12802E+12,3.080647759
Central Europe and the Baltics,CEB,2002,5.28074E+11,20631.29527,4.29313354,2.20672E+12,3.614744067
Central Europe and the Baltics,CEB,2003,6.34394E+11,21525.62047,4.414703793,2.29515E+12,4.087104826
Central Europe and the Baltics,CEB,2004,7.6309E+11,22889.55913,6.131055975,2.43389E+12,5.83995749
Central Europe and the Baltics,CEB,2005,8.86072E+11,24096.12737,5.306031354,2.5552E+12,5.019021837
Central Europe and the Baltics,CEB,2006,1.00164E+12,25756.74177,6.866285692,2.72435E+12,6.594761131
Central Europe and the Baltics,CEB,2007,1.26557E+12,27512.2372,6.830636433,2.89921E+12,6.4329645
Central Europe and the Baltics,CEB,2008,1.53072E+12,28781.1354,4.308653431,3.02207E+12,3.9356154
Central Europe and the Baltics,CEB,2009,1.28985E+12,27850.27624,-3.321105358,2.91872E+12,-3.506548725
Central Europe and the Baltics,CEB,2010,1.31655E+12,28278.6355,1.804460449,2.9529E+12,1.436268024
Central Europe and the Baltics,CEB,2011,1.45473E+12,29362.66927,3.760050809,3.05883E+12,3.514208876
Central Europe and the Baltics,CEB,2012,1.35905E+12,29693.41939,1.05733043,3.08619E+12,0.825752521
Central Europe and the Baltics,CEB,2013,1.41756E+12,29950.50921,0.882800301,3.10628E+12,0.667716325
Central Europe and the Baltics,CEB,2014,1.46382E+12,30988.65144,3.432710333,3.20721E+12,3.215752783
Central Europe and the Baltics,CEB,2015,1.29362E+12,32298.52461,4.266388448,3.33508E+12,4.026322092
Central Europe and the Baltics,CEB,2016,1.31682E+12,33277.66312,3.016183706,3.42741E+12,2.75319275
Central Europe and the Baltics,CEB,2017,1.46157E+12,35104.42754,5.361316049,3.60663E+12,5.101273967
Central Europe and the Baltics,CEB,2018,1.64901E+12,36932.30409,5.152762066,3.78698E+12,4.946400183
Central Europe and the Baltics,CEB,2019,1.67482E+12,38440.9908,4.050499011,3.9363E+12,3.908521817
Central Europe and the Baltics,CEB,2020,1.66582E+12,37210.62694,-3.211028073,3.80219E+12,-3.41747604
Central Europe and the Baltics,CEB,2021,1.9082E+12,39902.21583,7.23833277,4.04661E+12,6.433398707
Central Europe and the Baltics,CEB,2022,1.94358E+12,42164.25707,5.60591686,4.22099E+12,4.247073127
Central Europe and the Baltics,CEB,2023,2.25297E+12,42391.25013,0.46318564,4.24576E+12,0.511703045
Europe & Central Asia,ECS,1991,9.1379E+12,28219.05753,-0.360542743,2.38865E+13,0.152366016
Europe & Central Asia,ECS,1992,9.78883E+12,27285.57426,-1.113730551,2.31907E+13,-0.710081755
Europe & Central Asia,ECS,1993,9.001E+12,26614.87334,-1.126878649,2.26983E+13,-0.787107792
Europe & Central Asia,ECS,1994,9.41195E+12,26275.72907,0.958393828,2.24658E+13,1.213991343
Europe & Central Asia,ECS,1995,1.08689E+13,26594.50776,1.956366843,2.27815E+13,2.149588249
Europe & Central Asia,ECS,1996,1.10938E+13,26886.87166,1.581859719,2.30776E+13,1.783450907
Europe & Central Asia,ECS,1997,1.05218E+13,27596.88388,2.895443653,2.37286E+13,3.076030849
Europe & Central Asia,ECS,1998,1.07945E+13,28098.65266,2.488704447,2.4193E+13,2.628196329
Europe & Central Asia,ECS,1999,1.06762E+13,28877.74671,2.761555779,2.48919E+13,2.877870439
Europe & Central Asia,ECS,2000,1.00659E+13,30236.48206,4.242260074,2.60913E+13,4.35525178
Europe & Central Asia,ECS,2001,1.01683E+13,30974.47595,2.123586078,2.67634E+13,2.258353407
Europe & Central Asia,ECS,2002,1.11343E+13,31570.51316,1.3999966,2.7328E+13,1.584291485
Europe & Central Asia,ECS,2003,1.35346E+13,32292.34541,1.535155648,2.80244E+13,1.794935889
Europe & Central Asia,ECS,2004,1.57755E+13,33475.24931,2.888702578,2.91363E+13,3.19087691
Europe & Central Asia,ECS,2005,1.67809E+13,34460.77672,2.363773698,3.00843E+13,2.671830192
Europe & Central Asia,ECS,2006,1.81677E+13,35936.70606,3.547316803,3.14691E+13,3.865035264
Europe & Central Asia,ECS,2007,2.12277E+13,37406.05474,3.322119244,3.28602E+13,3.651589897
Europe & Central Asia,ECS,2008,2.33633E+13,37877.37791,0.604690809,3.34105E+13,1.016573256
Europe & Central Asia,ECS,2009,2.05451E+13,35894.31242,-4.839242082,3.17881E+13,-4.457882374
Europe & Central Asia,ECS,2010,2.10165E+13,36788.05506,2.258152319,3.27074E+13,2.659273741
Europe & Central Asia,ECS,2011,2.3306E+13,37726.91995,2.095396416,3.3625E+13,2.347580292
Europe & Central Asia,ECS,2012,2.24537E+13,37862.54963,-0.024989755,3.38758E+13,0.359988683
Europe & Central Asia,ECS,2013,2.3455E+13,38092.57414,0.39239493,3.42363E+13,0.847820022
Europe & Central Asia,ECS,2014,2.37844E+13,38544.14244,1.455454848,3.4803E+13,1.926600373
Europe & Central Asia,ECS,2015,2.04815E+13,38971.61547,1.590516886,3.5351E+13,2.058147045
Europe & Central Asia,ECS,2016,2.04086E+13,39490.12303,1.443662066,3.59824E+13,1.899821631
Europe & Central Asia,ECS,2017,2.16528E+13,40526.30256,2.506552006,3.70714E+13,2.908722502
Europe & Central Asia,ECS,2018,2.31887E+13,41345.56345,1.752567562,3.79627E+13,2.13444056
Europe & Central Asia,ECS,2019,2.29082E+13,42028.19154,1.470317021,3.87169E+13,1.80525623
Europe & Central Asia,ECS,2020,2.21565E+13,39873.69536,-5.68484552,3.68188E+13,-5.462443712
Europe & Central Asia,ECS,2021,2.53314E+13,42412.40386,6.433474063,3.91962E+13,6.523851921
Europe & Central Asia,ECS,2022,2.53893E+13,43538.86203,3.513727403,4.00988E+13,3.157498664
Europe & Central Asia,ECS,2023,2.72406E+13,44035.59088,0.642606772,4.06858E+13,0.964032942
East Asia & Pacific,EAS,1991,5.41283E+12,5961.63437,3.356258022,1.09969E+13,4.8544593
East Asia & Pacific,EAS,1992,5.91724E+12,6193.690159,2.85854083,1.15788E+13,4.244202243
East Asia & Pacific,EAS,1993,6.61944E+12,6436.423919,2.870341245,1.2188E+13,4.198741033
East Asia & Pacific,EAS,1994,7.40439E+12,6747.659944,3.923520509,1.2939E+13,5.238420282
East Asia & Pacific,EAS,1995,8.4076E+12,7096.050032,4.398251996,1.37727E+13,5.668933323
East Asia & Pacific,EAS,1996,8.1015E+12,7450.281795,4.3757638,1.46327E+13,5.620713891
East Asia & Pacific,EAS,1997,7.74381E+12,7694.402424,2.864223416,1.5287E+13,4.054422439
East Asia & Pacific,EAS,1998,6.93172E+12,7602.520585,-0.644824404,1.5271E+13,0.450968964
East Asia & Pacific,EAS,1999,7.7434E+12,7837.972515,2.698850019,1.59032E+13,3.737391826
East Asia & Pacific,EAS,2000,8.37736E+12,8215.863921,4.410505002,1.68273E+13,5.396241428
East Asia & Pacific,EAS,2001,7.78951E+12,8446.477624,2.38022042,1.74549E+13,3.299042532
East Asia & Pacific,EAS,2002,7.91276E+12,8795.345336,3.503760042,1.83292E+13,4.377250818
East Asia & Pacific,EAS,2003,8.70221E+12,9212.500706,4.116189303,1.93519E+13,4.947553287
East Asia & Pacific,EAS,2004,9.75844E+12,9731.134103,5.065322946,2.05974E+13,5.867643987
East Asia & Pacific,EAS,2005,1.04113E+13,10287.31091,5.111391543,2.19379E+13,5.899301158
East Asia & Pacific,EAS,2006,1.10348E+13,10941.41857,5.666523794,2.35066E+13,6.453779318
East Asia & Pacific,EAS,2007,1.23312E+13,11752.3322,6.684493393,2.54339E+13,7.466572879
East Asia & Pacific,EAS,2008,1.42201E+13,12254.22051,3.630340679,2.67131E+13,4.384950012
East Asia & Pacific,EAS,2009,1.46306E+13,12581.53233,1.848187307,2.76186E+13,2.560947134
East Asia & Pacific,EAS,2010,1.70781E+13,13508.45639,6.877621342,2.98564E+13,7.609593533
East Asia & Pacific,EAS,2011,1.97969E+13,14215.10867,4.713861223,3.16427E+13,5.461872631
East Asia & Pacific,EAS,2012,2.11742E+13,14898.54878,4.349353259,3.3429E+13,5.183055659
East Asia & Pacific,EAS,2013,2.14113E+13,15608.60422,4.430673127,3.52953E+13,5.245060847
East Asia & Pacific,EAS,2014,2.20897E+13,16293.62249,3.978943676,3.71207E+13,4.758704284
East Asia & Pacific,EAS,2015,2.19953E+13,16996.65263,3.985556969,3.89989E+13,4.728386041
East Asia & Pacific,EAS,2016,2.2776E+13,17724.27841,3.924664089,4.09559E+13,4.659079892
East Asia & Pacific,EAS,2017,2.43291E+13,18549.00718,4.312332259,4.3166E+13,5.053174482
East Asia & Pacific,EAS,2018,2.64879E+13,19383.22657,4.121542998,4.53836E+13,4.759154814
East Asia & Pacific,EAS,2019,2.70325E+13,20123.94026,3.409332835,4.73689E+13,3.960221914
East Asia & Pacific,EAS,2020,2.71565E+13,20011.21917,-0.57037667,4.73052E+13,-0.144692822
East Asia & Pacific,EAS,2021,3.11482E+13,21207.86167,5.939695031,5.02672E+13,6.221136264
East Asia & Pacific,EAS,2022,3.06638E+13,21835.2702,2.669697239,5.18633E+13,2.88602958
East Asia & Pacific,EAS,2023,3.07757E+13,22714.44801,3.859381365,5.4074E+13,4.095178604
European Union,EUU,1991,6.73363E+12,33921.63113,1.074124511,1.43063E+13,1.419414138
European Union,EUU,1992,7.39219E+12,34018.99494,0.594956551,1.43891E+13,0.887791116
European Union,EUU,1993,6.75122E+12,33700.45161,-0.963588247,1.43007E+13,-0.641563132
European Union,EUU,1994,7.1555E+12,34505.8185,2.383066758,1.4679E+13,2.638593412
European Union,EUU,1995,8.29609E+12,35410.57095,2.484592216,1.50924E+13,2.678593581
European Union,EUU,1996,8.43159E+12,36066.01026,1.715557116,1.53968E+13,1.881369515
European Union,EUU,1997,7.73384E+12,36927.5719,2.498925257,1.57884E+13,2.653187597
European Union,EUU,1998,7.96988E+12,37969.48753,2.872953403,1.62556E+13,3.010797088
European Union,EUU,1999,7.92584E+12,38984.5618,2.779100015,1.67177E+13,2.948691332
European Union,EUU,2000,7.27639E+12,40455.27859,3.776208722,1.73692E+13,3.900525156
European Union,EUU,2001,7.39361E+12,41314.00018,2.040989008,1.77613E+13,2.175909601
European Union,EUU,2002,8.08352E+12,41737.25611,0.878916483,1.79845E+13,1.110752072
European Union,EUU,2003,9.93213E+12,42039.45387,0.549672109,1.81793E+13,0.908252361
European Union,EUU,2004,1.14189E+13,43043.71263,2.208402202,1.86836E+13,2.59250681
European Union,EUU,2005,1.19101E+13,43783.22753,1.56429336,1.9072E+13,1.924743009
European Union,EUU,2006,1.27126E+13,45237.3872,3.159469543,1.97694E+13,3.494445516
European Union,EUU,2007,1.47275E+13,46588.35296,2.810480209,2.04283E+13,3.156121525
European Union,EUU,2008,1.62954E+13,46852.29319,0.319096748,2.061E+13,0.641259952
European Union,EUU,2009,1.47628E+13,44744.02728,-4.574808204,1.97292E+13,-4.348699861
European Union,EUU,2010,1.45561E+13,45597.69775,2.082037848,2.01338E+13,2.225118385
European Union,EUU,2011,1.57652E+13,46547.97964,2.081947978,2.05169E+13,1.900956841
European Union,EUU,2012,1.46416E+13,46160.65105,-0.848127964,2.03762E+13,-0.701866418
European Union,EUU,2013,1.52949E+13,46003.71162,-0.325675572,2.03565E+13,-0.082642393
European Union,EUU,2014,1.56514E+13,46657.57654,1.347522451,2.06974E+13,1.600652502
European Union,EUU,2015,1.35539E+13,47656.08871,2.08645416,2.11865E+13,2.309377745
European Union,EUU,2016,1.38888E+13,48517.04517,1.755926138,2.16151E+13,1.972307776
European Union,EUU,2017,1.47659E+13,49894.31869,2.683482975,2.22636E+13,2.844765369
European Union,EUU,2018,1.59814E+13,50933.55722,1.88744779,2.27674E+13,2.06690197
European Union,EUU,2019,1.56941E+13,51884.55813,1.722002312,2.32114E+13,1.805311971
European Union,EUU,2020,1.53814E+13,48901.39373,-5.721373869,2.18928E+13,-5.6528569
European Union,EUU,2021,1.73151E+13,51916.83145,6.130631554,2.32161E+13,6.008729292
European Union,EUU,2022,1.67615E+13,53758.88223,3.434137406,2.40501E+13,3.478653735
European Union,EUU,2023,1.83494E+13,53789.10106,-0.020076889,2.4177E+13,0.450652378
Latin America & Caribbean,LCN,1991,1.18998E+12,12667.15369,1.059626831,5.69829E+12,2.947664426
Latin America & Caribbean,LCN,1992,1.29865E+12,12799.22266,0.743192638,5.86215E+12,2.570719816
Latin America & Caribbean,LCN,1993,1.53667E+12,13166.5167,2.574180238,6.13743E+12,4.395173086
Latin America & Caribbean,LCN,1994,1.79499E+12,13624.67441,3.424618924,6.46162E+12,5.226183601
Latin America & Caribbean,LCN,1995,1.94169E+12,13507.5819,-0.858899689,6.51513E+12,0.828610692
Latin America & Caribbean,LCN,1996,2.10102E+12,13809.25038,2.277545394,6.77073E+12,3.968157968
Latin America & Caribbean,LCN,1997,2.30334E+12,14327.8144,3.720293305,7.13811E+12,5.390491607
Latin America & Caribbean,LCN,1998,2.33165E+12,14529.98099,1.390148784,7.35232E+12,2.979827809
Latin America & Caribbean,LCN,1999,2.10724E+12,14387.83754,-0.830344821,7.39124E+12,0.679480476
Latin America & Caribbean,LCN,2000,2.32617E+12,14685.71507,2.106001969,7.65539E+12,3.609968867
Latin America & Caribbean,LCN,2001,2.28166E+12,14536.56634,-0.954117755,7.68531E+12,0.453271766
Latin America & Caribbean,LCN,2002,2.05165E+12,14413.18516,-0.894301433,7.72454E+12,0.464241186
Latin America & Caribbean,LCN,2003,2.09065E+12,14579.83018,1.126433205,7.91651E+12,2.45501149
Latin America & Caribbean,LCN,2004,2.40414E+12,15168.84358,4.108755617,8.34131E+12,5.435783683
Latin America & Caribbean,LCN,2005,2.90184E+12,15567.99579,2.654572817,8.66732E+12,3.931813629
Latin America & Caribbean,LCN,2006,3.39577E+12,16173.01582,3.882210675,9.11227E+12,5.129489942
Latin America & Caribbean,LCN,2007,3.99743E+12,16820.72341,3.973438227,9.58735E+12,5.181815476
Latin America & Caribbean,LCN,2008,4.64269E+12,17245.30145,2.487188746,9.93995E+12,3.640487793
Latin America & Caribbean,LCN,2009,4.35587E+12,16668.02964,-3.344258879,9.7131E+12,-2.279091936
Latin America & Caribbean,LCN,2010,5.39552E+12,17561.01531,5.280155548,1.03412E+13,6.388674472
Latin America & Caribbean,LCN,2011,6.1373E+12,18150.94402,3.23219727,1.08091E+13,4.395543068
Latin America & Caribbean,LCN,2012,6.20902E+12,18426.12262,1.437389434,1.10951E+13,2.566619511
Latin America & Caribbean,LCN,2013,6.36233E+12,18751.111,1.662358827,1.14127E+13,2.760268493
Latin America & Caribbean,LCN,2014,6.4832E+12,18830.27396,0.281315931,1.15815E+13,1.336538436
Latin America & Caribbean,LCN,2015,5.41829E+12,18732.32785,-0.617142609,1.16401E+13,0.407853688
Latin America & Caribbean,LCN,2016,5.28331E+12,18509.2621,-1.331558253,1.16177E+13,-0.334793598
Latin America & Caribbean,LCN,2017,5.86648E+12,18689.68373,0.904721333,1.18454E+13,1.889825233
Latin America & Caribbean,LCN,2018,5.74264E+12,18826.40047,0.64574671,1.20419E+13,1.571706298
Latin America & Caribbean,LCN,2019,5.65997E+12,18809.51195,-0.165865994,1.21377E+13,0.718740959
Latin America & Caribbean,LCN,2020,4.80492E+12,17422.83204,-7.401062371,1.13341E+13,-6.649245673
Latin America & Caribbean,LCN,2021,5.578E+12,18561.53322,6.270555078,1.21574E+13,6.996791927
Latin America & Caribbean,LCN,2022,6.34168E+12,19190.91648,3.305264688,1.26527E+13,3.987930947
Latin America & Caribbean,LCN,2023,7.09433E+12,19458.85826,1.407360702,1.29237E+13,2.153083954
Middle East & North Africa,MEA,1991,5.49382E+11,11871.11899,0.731494494,3.1274E+12,3.578750391
Middle East & North Africa,MEA,1992,6.00385E+11,12200.27534,3.129015899,3.30203E+12,5.950064298
Middle East & North Africa,MEA,1993,6.1056E+11,12142.86866,-0.266552946,3.36233E+12,2.034823727
Middle East & North Africa,MEA,1994,6.46605E+11,12164.46644,0.711201917,3.44137E+12,2.895655708
Middle East & North Africa,MEA,1995,7.13738E+11,12227.85071,0.747927388,3.53574E+12,2.974158216
Middle East & North Africa,MEA,1996,7.94179E+11,12578.02405,2.742719364,3.71512E+12,4.949719249
Middle East & North Africa,MEA,1997,8.32657E+11,12798.91443,1.899536616,3.86118E+12,4.077832313
Middle East & North Africa,MEA,1998,8.14472E+11,13150.11279,2.23174107,4.05078E+12,4.387448459
Middle East & North Africa,MEA,1999,8.85973E+11,13185.48543,-0.089723185,4.14647E+12,1.995947026
Middle East & North Africa,MEA,2000,9.92556E+11,13762.33814,4.581469153,4.41823E+12,6.764847901
Middle East & North Africa,MEA,2001,9.87484E+11,13724.68299,-0.532081465,4.49746E+12,1.529608273
Middle East & North Africa,MEA,2002,9.79352E+11,13697.69481,-0.379466192,4.57434E+12,1.522981811
Middle East & North Africa,MEA,2003,1.09048E+12,14043.99106,3.123302681,4.77798E+12,5.058172264
Middle East & North Africa,MEA,2004,1.28631E+12,14856.12447,5.718058094,5.15574E+12,7.840269733
Middle East & North Africa,MEA,2005,1.54209E+12,15241.84537,2.782891834,5.40266E+12,4.97968652
Middle East & North Africa,MEA,2006,1.81095E+12,15745.30436,3.509886237,5.70978E+12,5.896159796
Middle East & North Africa,MEA,2007,2.14027E+12,16186.51729,2.699277862,6.01046E+12,5.16054571
Middle East & North Africa,MEA,2008,2.67426E+12,16548.11275,2.109585192,6.29315E+12,4.576027486
Middle East & North Africa,MEA,2009,2.39966E+12,16342.60013,-1.740616893,6.3627E+12,0.594667396
Middle East & North Africa,MEA,2010,2.82027E+12,16792.43369,2.77286129,6.68335E+12,5.060228679
Middle East & North Africa,MEA,2011,3.39671E+12,17122.86061,1.691328897,6.95266E+12,3.747592823
Middle East & North Africa,MEA,2012,3.66014E+12,17343.19162,1.913279548,7.18212E+12,3.939340388
Middle East & North Africa,MEA,2013,3.60173E+12,17299.87084,0.077550157,7.31422E+12,2.173460042
Middle East & North Africa,MEA,2014,3.62762E+12,17436.85117,0.718841732,7.52687E+12,2.832882412
Middle East & North Africa,MEA,2015,3.20101E+12,17626.7607,0.629204043,7.7647E+12,2.690417306
Middle East & North Africa,MEA,2016,3.23426E+12,18110.89616,2.404464914,8.1303E+12,4.359753776
Middle East & North Africa,MEA,2017,3.372E+12,18163.15355,0.179110579,8.29848E+12,1.957243597
Middle East & North Africa,MEA,2018,3.53806E+12,18259.31994,0.461847567,8.49193E+12,2.262259344
Middle East & North Africa,MEA,2019,3.54995E+12,18229.46443,-0.363047292,8.62621E+12,1.378349639
Middle East & North Africa,MEA,2020,3.19908E+12,17401.92993,-5.376039793,8.35235E+12,-4.023299372
Middle East & North Africa,MEA,2021,3.78028E+12,18042.31227,4.224798376,8.77172E+12,5.572890856
Middle East & North Africa,MEA,2022,4.49712E+12,18792.09741,4.225268611,9.26976E+12,5.748362666
Middle East & North Africa,MEA,2023,4.28768E+12,18887.40909,0.254145145,9.45857E+12,1.780039753
North America,NAC,1991,6.77229E+12,43245.04519,-1.587287358,1.21552E+13,-0.273108205
North America,NAC,1992,7.11639E+12,44060.50336,1.90641048,1.25548E+13,3.308204869
North America,NAC,1993,7.43943E+12,44686.19599,1.420840424,1.28992E+13,2.744488331
North America,NAC,1994,7.86905E+12,45943.34124,2.809281129,1.3424E+13,4.064132892
North America,NAC,1995,8.24774E+12,46625.65643,1.485304214,1.37844E+13,2.685011835
North America,NAC,1996,8.70643E+12,47746.85781,2.421013206,1.42794E+13,3.607318116
North America,NAC,1997,9.23547E+12,49276.9936,3.205993176,1.49124E+13,4.434224651
North America,NAC,1998,9.69995E+12,50881.70045,3.261019906,1.55734E+13,4.437091253
North America,NAC,1999,1.03129E+13,52741.65515,3.652594661,1.63237E+13,4.815017414
North America,NAC,2000,1.09992E+13,54342.58513,3.027708681,1.70043E+13,4.161970417
North America,NAC,2001,1.13246E+13,54360.13172,0.025732794,1.71806E+13,1.030222543
North America,NAC,2002,1.16937E+13,54825.54811,0.845609431,1.74919E+13,1.801247401
North America,NAC,2003,1.23562E+13,55826.7224,1.834049714,1.79658E+13,2.71703866
North America,NAC,2004,1.32484E+13,57403.73929,2.830648312,1.86452E+13,3.787375448
North America,NAC,2005,1.42172E+13,58843.18785,2.509545486,1.92902E+13,3.46128323
North America,NAC,2006,1.5141E+13,59891.64952,1.783212463,1.98251E+13,2.774314639
North America,NAC,2007,1.59498E+13,60515.04862,1.040655895,2.02232E+13,2.008083046
North America,NAC,2008,1.63298E+13,60050.40968,-0.774909292,2.02614E+13,0.181624378
North America,NAC,2009,1.58593E+13,57959.14193,-3.480162633,1.97332E+13,-2.604607645
North America,NAC,2010,1.66729E+13,59031.8643,1.847200718,2.02714E+13,2.723959171
North America,NAC,2011,1.73994E+13,59585.69473,0.925271565,2.06159E+13,1.686211317
North America,NAC,2012,1.80887E+13,60453.99197,1.460814498,2.10776E+13,2.243378598
North America,NAC,2013,1.87337E+13,61296.57901,1.39191177,2.15277E+13,2.133496888
North America,NAC,2014,1.94203E+13,62385.35341,1.772950911,2.20773E+13,2.549447137
North America,NAC,2015,1.98582E+13,63624.81805,2.004986975,2.26828E+13,2.761104558
North America,NAC,2016,2.03398E+13,64245.67934,0.981761507,2.30801E+13,1.757413592
North America,NAC,2017,2.12685E+13,65404.27521,1.798970196,2.36588E+13,2.502844962
North America,NAC,2018,2.23891E+13,66916.2801,2.313288183,2.43558E+13,2.947893142
North America,NAC,2019,2.32725E+13,68153.10232,1.85253729,2.49449E+13,2.422733377
North America,NAC,2020,2.29855E+13,65830.3646,-3.386495377,2.43322E+13,-2.434355246
North America,NAC,2021,2.56088E+13,69482.6517,5.55192308,2.57331E+13,5.761285546
North America,NAC,2022,2.79134E+13,70570.60878,1.551804358,2.62716E+13,2.078673679
North America,NAC,2023,2.95093E+13,71737.17992,1.664395311,2.69069E+13,2.429616697
,,,,,,,
,,,,,,,
,,,,,,,
Data from database: World Development Indicators,,,,,,,
Last Updated: 09/19/2024,,,,,,,
